{
    "songs": [
        {
            "rank": 1,
            "title": "Like a Rolling Stone",
            "artist": "Bob Dylan",
            "album": "Highway 61 Revisited",
            "year": "1965"
        },
        {
            "rank": 2,
            "title": "(I Can't Get No) Satisfaction",
            "artist": "The Rolling Stones",
            "album": "Out of Our Heads",
            "year": "1965"
        },
        {
            "rank": 3,
            "title": "Imagine",
            "artist": "John Lennon",
            "album": "Imagine",
            "year": "1971"
        },
        {
            "rank": 4,
            "title": "What's Going On",
            "artist": "Marvin Gaye",
            "album": "What's Going On",
            "year": "1971"
        },
        {
            "rank": 5,
            "title": "Respect",
            "artist": "Aretha Franklin",
            "album": "I Never Loved a Man the Way I Love You",
            "year": "1967"
        },
        {
            "rank": 6,
            "title": "Good Vibrations",
            "artist": "The Beach Boys",
            "album": "Smiley Smile/Wild Honey",
            "year": "1966"
        },
        {
            "rank": 7,
            "title": "Johnny B. Goode",
            "artist": "Chuck Berry",
            "album": "The Anthology",
            "year": "1958"
        },
        {
            "rank": 8,
            "title": "Hey Jude",
            "artist": "The Beatles",
            "album": "Hey Jude",
            "year": "1968"
        },
        {
            "rank": 9,
            "title": "Smells Like Teen Spirit",
            "artist": "Nirvana",
            "album": "Nevermind",
            "year": "1991"
        },
        {
            "rank": 10,
            "title": "What'd I Say",
            "artist": "Ray Charles",
            "album": "What'd I Say",
            "year": "1959"
        },
        {
            "rank": 11,
            "title": "My Generation",
            "artist": "The Who",
            "album": "My Generation",
            "year": "1965"
        },
        {
            "rank": 12,
            "title": "A Change Is Gonna Come",
            "artist": "Sam Cooke",
            "album": "Portrait of a Legend 1951-1964",
            "year": "1964"
        },
        {
            "rank": 13,
            "title": "Yesterday",
            "artist": "The Beatles",
            "album": "Help!",
            "year": "1965"
        },
        {
            "rank": 14,
            "title": "Blowin' in the Wind",
            "artist": "Bob Dylan",
            "album": "The Freewheelin' Bob Dylan",
            "year": "1963"
        },
        {
            "rank": 15,
            "title": "London Calling",
            "artist": "The Clash",
            "album": "London Calling",
            "year": "1980"
        },
        {
            "rank": 16,
            "title": "I Want to Hold Your Hand",
            "artist": "The Beatles",
            "album": "Meet the Beatles!",
            "year": "1963"
        },
        {
            "rank": 17,
            "title": "Purple Haze",
            "artist": "The Jimi Hendrix Experience",
            "album": "Are You Experienced?",
            "year": "1967"
        },
        {
            "rank": 18,
            "title": "Maybellene",
            "artist": "Chuck Berry",
            "album": "The Anthology",
            "year": "1955"
        },
        {
            "rank": 19,
            "title": "Hound Dog",
            "artist": "Elvis Presley",
            "album": " Elvis 30 #1 Hits",
            "year": "1956"
        },
        {
            "rank": 20,
            "title": "Let It Be",
            "artist": "The Beatles",
            "album": "Let It Be",
            "year": "1970"
        },
        {
            "rank": 21,
            "title": "Born to Run",
            "artist": "Bruce Springsteen",
            "album": "Born to Run",
            "year": "1975"
        },
        {
            "rank": 22,
            "title": "Be My Baby",
            "artist": "The Ronettes",
            "album": "The Best of the Ronettes",
            "year": "1963"
        },
        {
            "rank": 23,
            "title": "In My Life",
            "artist": "The Beatles",
            "album": "Rubber Soul",
            "year": "1965"
        },
        {
            "rank": 24,
            "title": "People Get Ready",
            "artist": "The Impressions",
            "album": "The Very Best of the Impressions",
            "year": "1965"
        },
        {
            "rank": 25,
            "title": "God Only Knows",
            "artist": "The Beach Boys",
            "album": "Pet Sounds",
            "year": "1966"
        },
        {
            "rank": 26,
            "title": "(Sittin' On) The Dock of the Bay",
            "artist": "Otis Redding",
            "album": "The Dock of the Bay",
            "year": "1968"
        },
        {
            "rank": 27,
            "title": "Layla",
            "artist": "Derek and the Dominos",
            "album": "Layla And Other Assorted Love Songs",
            "year": "1970"
        },
        {
            "rank": 28,
            "title": "A Day in the Life",
            "artist": "The Beatles",
            "album": "Sgt. Pepper's Lonely Hearts Club Band",
            "year": "1967"
        },
        {
            "rank": 29,
            "title": "Help!",
            "artist": "The Beatles",
            "album": "Help!",
            "year": "1965"
        },
        {
            "rank": 30,
            "title": "I Walk the Line",
            "artist": "Johnny Cash",
            "album": "The Complete Original Sun Singles",
            "year": "1956"
        },
        {
            "rank": 31,
            "title": "Stairway to Heaven",
            "artist": "Led Zeppelin",
            "album": "Led Zeppelin IV",
            "year": "1971"
        },
        {
            "rank": 32,
            "title": "Sympathy for the Devil",
            "artist": "The Rolling Stones",
            "album": "Beggars Banquet",
            "year": "1968"
        },
        {
            "rank": 33,
            "title": "River Deep - Mountain High",
            "artist": "Ike & Tina Turner",
            "album": "Proud Mary: The Best of Ike and Tina Turner",
            "year": "1966"
        },
        {
            "rank": 34,
            "title": "You've Lost That Lovin' Feelin'",
            "artist": "The Righteous Brothers",
            "album": "Anthology 1962-1974",
            "year": "1964"
        },
        {
            "rank": 35,
            "title": "Light My Fire",
            "artist": "The Doors",
            "album": "The Doors",
            "year": "1967"
        },
        {
            "rank": 36,
            "title": "One",
            "artist": "U2",
            "album": "Achtung Baby",
            "year": "1991"
        },
        {
            "rank": 37,
            "title": "No Woman, No Cry",
            "artist": "Bob Marley & The Wailers",
            "album": "Natty Dread",
            "year": "1975"
        },
        {
            "rank": 38,
            "title": "Gimme Shelter",
            "artist": "The Rolling Stones",
            "album": "Let It Bleed",
            "year": "1969"
        },
        {
            "rank": 39,
            "title": "That'll Be the Day",
            "artist": "Buddy Holly & The Crickets",
            "album": "Greatest Hits",
            "year": "1957"
        },
        {
            "rank": 40,
            "title": "Dancing in the Street",
            "artist": "Martha and the Vandellas",
            "album": "The Ultimate Collection",
            "year": "1964"
        },
        {
            "rank": 41,
            "title": "The Weight",
            "artist": "The Band",
            "album": "Music From Big Pink",
            "year": "1968"
        },
        {
            "rank": 42,
            "title": "Waterloo Sunset",
            "artist": "The Kinks",
            "album": "Something Else By The Kinks",
            "year": "1968"
        },
        {
            "rank": 43,
            "title": "Tutti-Frutti",
            "artist": "Little Richard",
            "album": "The Georgia Peach",
            "year": "1956"
        },
        {
            "rank": 44,
            "title": "Georgia On My Mind",
            "artist": "Ray Charles",
            "album": "Ultimate Hits Collection",
            "year": "1960"
        },
        {
            "rank": 45,
            "title": "Heartbreak Hotel",
            "artist": "Elvis Presley",
            "album": "Elvis 30 #1 Hits",
            "year": "1956"
        },
        {
            "rank": 46,
            "title": "Heroes",
            "artist": "David Bowie",
            "album": "Heroes",
            "year": "1977"
        },
        {
            "rank": 47,
            "title": "All Along the Watchtower",
            "artist": "The Jimi Hendrix Experience",
            "album": "Electric Ladyland",
            "year": "1968"
        },
        {
            "rank": 48,
            "title": "Bridge Over Troubled Water",
            "artist": "Simon & Garfunkel",
            "album": "Bridge Over Troubled Water",
            "year": "1970"
        },
        {
            "rank": 49,
            "title": "Hotel California",
            "artist": "Eagles",
            "album": "Hotel California",
            "year": "1976"
        },
        {
            "rank": 50,
            "title": "The Tracks Of My Tears",
            "artist": "Smokey Robinson and the Miracles",
            "album": "Going to a Go-Go",
            "year": "1965"
        },
        {
            "rank": 51,
            "title": "The Message",
            "artist": "Grandmaster Flash and the Furious Five",
            "album": "The Best of Sugar Hill Records",
            "year": "1980"
        },
        {
            "rank": 52,
            "title": "When Doves Cry",
            "artist": "Prince and The Revolution",
            "album": "Purple Rain",
            "year": "1984"
        },
        {
            "rank": 53,
            "title": "When A Man Loves A Woman",
            "artist": "Percy Sledge",
            "album": "It Tears Me Up: The Best of Percy Sledge",
            "year": "1966"
        },
        {
            "rank": 54,
            "title": "Louie Louie",
            "artist": "The Kingsmen",
            "album": "The Best of the Kingsmen",
            "year": "1963"
        },
        {
            "rank": 55,
            "title": "Long Tall Sally",
            "artist": "Little Richard",
            "album": "The Georgia Peach",
            "year": "1956"
        },
        {
            "rank": 56,
            "title": "Anarchy in the U.K.",
            "artist": "Sex Pistols",
            "album": "Never Mind the Bollocks, Here's the Sex Pistols",
            "year": "1976"
        },
        {
            "rank": 57,
            "title": "A Whiter Shade of Pale",
            "artist": "Procol Harum",
            "album": "Greatest Hits",
            "year": "1967"
        },
        {
            "rank": 58,
            "title": "Billie Jean",
            "artist": "Michael Jackson",
            "album": "Thriller",
            "year": "1983"
        },
        {
            "rank": 59,
            "title": "The Times They Are a-Changin'",
            "artist": "Bob Dylan",
            "album": "The Times They Are A-Changin'",
            "year": "1964"
        },
        {
            "rank": 60,
            "title": "Let's Stay Together",
            "artist": "Al Green",
            "album": "Let's Stay Together",
            "year": "1971"
        },
        {
            "rank": 61,
            "title": "Whole Lotta Shakin' Going On",
            "artist": "Jerry Lee Lewis",
            "album": "Original Sun Greatest Hits",
            "year": "1957"
        },
        {
            "rank": 62,
            "title": "Bo Diddley",
            "artist": "Bo Diddley",
            "album": "His Best: The Chess 50th Anniversary Collection",
            "year": "1955"
        },
        {
            "rank": 63,
            "title": "For What It's Worth",
            "artist": "Buffalo Springfield",
            "album": "Buffalo Springfield",
            "year": "1967"
        },
        {
            "rank": 64,
            "title": "She Loves You",
            "artist": "The Beatles",
            "album": "The Beatles 1",
            "year": "1963"
        },
        {
            "rank": 65,
            "title": "Sunshine of Your Love",
            "artist": "Cream",
            "album": "Disraeli Gears",
            "year": "1968"
        },
        {
            "rank": 66,
            "title": "Redemption Song",
            "artist": "Bob Marley & The Wailers",
            "album": "Uprising",
            "year": "1980"
        },
        {
            "rank": 67,
            "title": "Jailhouse Rock",
            "artist": "Elvis Presley",
            "album": "Elvis 30 #1 Hits",
            "year": "1957"
        },
        {
            "rank": 68,
            "title": "Tangled Up in Blue",
            "artist": "Bob Dylan",
            "album": "Blood on the Tracks",
            "year": "1975"
        },
        {
            "rank": 69,
            "title": "Crying",
            "artist": "Roy Orbison",
            "album": "For the Lonely: 18 Greatest Hits",
            "year": "1961"
        },
        {
            "rank": 70,
            "title": "Walk On By",
            "artist": "Dionne Warwick",
            "album": "The Dionne Warwick Collection: Her All-Time Greatest Hits",
            "year": "1964"
        },
        {
            "rank": 71,
            "title": "Papa's Got a Brand New Bag",
            "artist": "James Brown",
            "album": "50th Anniversary Collection",
            "year": "1966"
        },
        {
            "rank": 72,
            "title": "California Girls",
            "artist": "The Beach Boys",
            "album": "Sounds of Summer: The Very Best of the Beach Boys",
            "year": "1965"
        },
        {
            "rank": 73,
            "title": "Superstition",
            "artist": "Stevie Wonder",
            "album": "Talking Book",
            "year": "1973"
        },
        {
            "rank": 74,
            "title": "Summertime Blues",
            "artist": "Eddie Cochran",
            "album": "Somethin' Else",
            "year": "1958"
        },
        {
            "rank": 75,
            "title": "Whole Lotta Love",
            "artist": "Led Zeppelin",
            "album": "Led Zeppelin II",
            "year": "1969"
        },
        {
            "rank": 76,
            "title": "Strawberry Fields Forever",
            "artist": "The Beatles",
            "album": "Magical Mystery Tour",
            "year": "1967"
        },
        {
            "rank": 77,
            "title": "Mystery Train",
            "artist": "Elvis Presley",
            "album": "Sunrise",
            "year": "1955"
        },
        {
            "rank": 78,
            "title": "I Got You (I Feel Good)",
            "artist": "James Brown",
            "album": "James Brown 50th Anniversary Collection",
            "year": "1966"
        },
        {
            "rank": 79,
            "title": "Mr. Tambourine Man",
            "artist": "The Byrds",
            "album": "Mr. Tambourine Man",
            "year": "1965"
        },
        {
            "rank": 80,
            "title": "You Really Got Me",
            "artist": "The Kinks",
            "album": "Kinks",
            "year": "1964"
        },
        {
            "rank": 81,
            "title": "I Heard It Through the Grapevine",
            "artist": "Marvin Gaye",
            "album": "Every Motown Hit",
            "year": "1968"
        },
        {
            "rank": 82,
            "title": "Blueberry Hill",
            "artist": "Fats Domino",
            "album": "The Fats Domino Jukebox",
            "year": "1956"
        },
        {
            "rank": 83,
            "title": "Norwegian Wood (This Bird Has Flown)",
            "artist": "The Beatles",
            "album": "Rubber Soul",
            "year": "1965"
        },
        {
            "rank": 84,
            "title": "Every Breath You Take",
            "artist": "The Police",
            "album": "Synchronicity",
            "year": "1983"
        },
        {
            "rank": 85,
            "title": "Crazy",
            "artist": "Patsy Cline",
            "album": "Patsy Cline's Greatest Hits",
            "year": "1961"
        },
        {
            "rank": 86,
            "title": "Thunder Road",
            "artist": "Bruce Springsteen",
            "album": "Born to Run",
            "year": "1975"
        },
        {
            "rank": 87,
            "title": "Ring of Fire",
            "artist": "Johnny Cash",
            "album": "The Man in Black: His Greatest Hits",
            "year": "1963"
        },
        {
            "rank": 88,
            "title": "My Girl",
            "artist": "The Temptations",
            "album": "The Temptations Sing Smokey",
            "year": "1965"
        },
        {
            "rank": 89,
            "title": "California Dreamin'",
            "artist": "The Mamas & The Papas",
            "album": "If You Can Believe Your Eyes And Ears",
            "year": "1965"
        },
        {
            "rank": 90,
            "title": "In The Still Of The Nite",
            "artist": "The Five Satins",
            "album": "The Five Satins: Their Greatest Hits",
            "year": "1956"
        },
        {
            "rank": 91,
            "title": "Suspicious Minds",
            "artist": "Elvis Presley",
            "album": "Elvis 30 #1 Hits",
            "year": "1969"
        },
        {
            "rank": 92,
            "title": "Blitzkrieg Bop",
            "artist": "Ramones",
            "album": "Ramones",
            "year": "1976"
        },
        {
            "rank": 93,
            "title": "I Still Haven't Found What I'm Looking For",
            "artist": "U2",
            "album": "The Joshua Tree",
            "year": "1987"
        },
        {
            "rank": 94,
            "title": "Good Golly",
            "artist": "Little Richard",
            "album": "The Georgia Peach",
            "year": "1958"
        },
        {
            "rank": 95,
            "title": "Blue Suede Shoes",
            "artist": "Carl Perkins",
            "album": "Original Sun Greatest Hits",
            "year": "1956"
        },
        {
            "rank": 96,
            "title": "Great Balls of Fire",
            "artist": "Jerry Lee Lewis",
            "album": "Original Sun Greatest Hits",
            "year": "1957"
        },
        {
            "rank": 97,
            "title": "Roll Over Beethoven",
            "artist": "Chuck Berry",
            "album": "The Anthology",
            "year": "1956"
        },
        {
            "rank": 98,
            "title": "Love And Happiness",
            "artist": "Al Green",
            "album": "I'm Still in Love With You",
            "year": "1972"
        },
        {
            "rank": 99,
            "title": "Fortunate Son",
            "artist": "Creedence Clearwater Revival",
            "album": "Willy And The Poor Boys",
            "year": "1970"
        },
        {
            "rank": 100,
            "title": "Crazy",
            "artist": "Gnarls Barkley",
            "album": "St. Elsewhere",
            "year": "2006"
        },
        {
            "rank": 101,
            "title": "You Can't Always Get What You Want",
            "artist": "The Rolling Stones",
            "album": "Let It Bleed",
            "year": "1969"
        },
        {
            "rank": 102,
            "title": "Voodoo Child (Slight Return)",
            "artist": "The Jimi Hendrix Experience",
            "album": "Electric Ladyland",
            "year": "1968"
        },
        {
            "rank": 103,
            "title": "Be-Bop-A-Lula",
            "artist": "Gene Vincent & His Blue Caps",
            "album": "The Screaming End: The Best of Gene Vincent and His Blue Caps",
            "year": "1956"
        },
        {
            "rank": 104,
            "title": "Hot Stuff",
            "artist": "Donna Summer",
            "album": "Bad Girls",
            "year": "1979"
        },
        {
            "rank": 105,
            "title": "Living For The City",
            "artist": "Stevie Wonder",
            "album": "Innervisions",
            "year": "1973"
        },
        {
            "rank": 106,
            "title": "The Boxer",
            "artist": "Simon & Garfunkel",
            "album": "Bridge Over Troubled Water",
            "year": "1969"
        },
        {
            "rank": 107,
            "title": "Mr. Tambourine Man",
            "artist": "Bob Dylan",
            "album": "Bringing It All Back Home",
            "year": "1965"
        },
        {
            "rank": 108,
            "title": "Not Fade Away",
            "artist": "Buddy Holly & The Crickets",
            "album": "Greatest Hits",
            "year": "1957"
        },
        {
            "rank": 109,
            "title": "Little Red Corvette",
            "artist": "Prince",
            "album": "1999",
            "year": "1983"
        },
        {
            "rank": 110,
            "title": "Brown Eyed Girl",
            "artist": "Van Morrison",
            "album": "Blowin' Your Mind",
            "year": "1967"
        },
        {
            "rank": 111,
            "title": "I've Been Loving You Too Long (To Stop Now)",
            "artist": "Otis Redding",
            "album": "Otis Blue: Otis Redding Sings Soul",
            "year": "1965"
        },
        {
            "rank": 112,
            "title": "I'm So Lonesome I Could Cry",
            "artist": "Hank Williams",
            "album": "The Ultimate Collection",
            "year": "1949"
        },
        {
            "rank": 113,
            "title": "That's All Right",
            "artist": "Elvis Presley",
            "album": "Sunrise",
            "year": "1954"
        },
        {
            "rank": 114,
            "title": "Up On the Roof",
            "artist": "The Drifters",
            "album": "The Very Best of the Drifters",
            "year": "1962"
        },
        {
            "rank": 115,
            "title": "You Send Me",
            "artist": "Sam Cooke",
            "album": "Greatest Hits",
            "year": "1957"
        },
        {
            "rank": 116,
            "title": "Honky Tonk Women",
            "artist": "The Rolling Stones",
            "album": "Let It Bleed",
            "year": "1969"
        },
        {
            "rank": 117,
            "title": "Take Me To The River",
            "artist": "Al Green",
            "album": "Al Green Explores Your Mind",
            "year": "1974"
        },
        {
            "rank": 118,
            "title": "Crazy in Love (feat.  Jay-Z)",
            "artist": "Beyoncé",
            "album": "Dangerously in Love",
            "year": "2003"
        },
        {
            "rank": 119,
            "title": "Shout (Parts 1 & 2)",
            "artist": "The Isley Brothers",
            "album": "The Isley Brothers Story, Vol. 1: Rockin' Soul",
            "year": "1959"
        },
        {
            "rank": 120,
            "title": "Go Your Own Way",
            "artist": "Fleetwood Mac",
            "album": "Rumours",
            "year": "1977"
        },
        {
            "rank": 121,
            "title": "I Want You Back",
            "artist": "The Jackson 5",
            "album": "The Ultimate Collection",
            "year": "1969"
        },
        {
            "rank": 122,
            "title": "Stand By Me",
            "artist": "Ben E. King",
            "album": "The Very Best of Ben E. King",
            "year": "1961"
        },
        {
            "rank": 123,
            "title": "The House of the Rising Sun",
            "artist": "The Animals",
            "album": "The Best of the Animals",
            "year": "1964"
        },
        {
            "rank": 124,
            "title": "It's A Man's Man's Man's World",
            "artist": "James Brown",
            "album": "50th Anniversary Collection",
            "year": "1966"
        },
        {
            "rank": 125,
            "title": "Jumpin' Jack Flash",
            "artist": "The Rolling Stones",
            "album": "Forty Licks",
            "year": "1968"
        },
        {
            "rank": 126,
            "title": "Will You Love Me Tomorrow",
            "artist": "The Shirelles",
            "album": "Girl Group Greats",
            "year": "1960"
        },
        {
            "rank": 127,
            "title": "Shake",
            "artist": "Big Joe Turner",
            "album": "The Very Best of Big Joe Turner",
            "year": "1954"
        },
        {
            "rank": 128,
            "title": "Changes",
            "artist": "David Bowie",
            "album": "Hunky Dory",
            "year": "1971"
        },
        {
            "rank": 129,
            "title": "Rock and Roll Music",
            "artist": "Chuck Berry",
            "album": "Johnny B. Goode: His Complete '50s Chess Recordings",
            "year": "1957"
        },
        {
            "rank": 130,
            "title": "Born to Be Wild",
            "artist": "Steppenwolf",
            "album": "Steppenwolf",
            "year": "1968"
        },
        {
            "rank": 131,
            "title": "Maggie May",
            "artist": "Rod Stewart",
            "album": "Every Picture Tells A Story",
            "year": "1971"
        },
        {
            "rank": 132,
            "title": "With or Without You",
            "artist": "U2",
            "album": "The Joshua Tree",
            "year": "1987"
        },
        {
            "rank": 133,
            "title": "Who Do You Love?",
            "artist": "Bo Diddley",
            "album": "His Best: The Chess 50th Anniversary Collection",
            "year": "1957"
        },
        {
            "rank": 134,
            "title": "Won't Get Fooled Again",
            "artist": "The Who",
            "album": "Who's Next",
            "year": "1971"
        },
        {
            "rank": 135,
            "title": "In the Midnight Hour",
            "artist": "Wilson Pickett",
            "album": "The Very Best of Wilson Pickett",
            "year": "1965"
        },
        {
            "rank": 136,
            "title": "While My Guitar Gently Weeps",
            "artist": "The Beatles",
            "album": "The Beatles",
            "year": "1968"
        },
        {
            "rank": 137,
            "title": "Your Song",
            "artist": "Elton John",
            "album": "Greatest Hits",
            "year": "1970"
        },
        {
            "rank": 138,
            "title": "Eleanor Rigby",
            "artist": "The Beatles",
            "album": "Revolver",
            "year": "1966"
        },
        {
            "rank": 139,
            "title": "Family Affair",
            "artist": "Sly & The Family Stone",
            "album": "There's a Riot Goin' On",
            "year": "1971"
        },
        {
            "rank": 140,
            "title": "I Saw Her Standing There",
            "artist": "The Beatles",
            "album": "Please Please Me",
            "year": "1964"
        },
        {
            "rank": 141,
            "title": "Kashmir",
            "artist": "Led Zeppelin",
            "album": "Physical Graffiti",
            "year": "1975"
        },
        {
            "rank": 142,
            "title": "All I Have to Do Is Dream",
            "artist": "The Everly Brothers",
            "album": "All-Time Original Hits",
            "year": "1958"
        },
        {
            "rank": 143,
            "title": "Please, Please, Please",
            "artist": "James Brown",
            "album": "50th Anniversary Collection",
            "year": "1956"
        },
        {
            "rank": 144,
            "title": "Purple Rain",
            "artist": "Prince and The Revolution",
            "album": "Purple Rain",
            "year": "1984"
        },
        {
            "rank": 145,
            "title": "I Wanna Be Sedated",
            "artist": "Ramones",
            "album": "Road to Ruin",
            "year": "1978"
        },
        {
            "rank": 146,
            "title": "Everyday People",
            "artist": "Sly & The Family Stone",
            "album": "Stand!",
            "year": "1968"
        },
        {
            "rank": 147,
            "title": "Rock Lobster",
            "artist": "The B-52's",
            "album": "The B-52's",
            "year": "1979"
        },
        {
            "rank": 148,
            "title": "Me And Bobby McGee",
            "artist": "Janis Joplin",
            "album": "Pearl",
            "year": "1971"
        },
        {
            "rank": 149,
            "title": "Lust For Life",
            "artist": "Iggy Pop",
            "album": "Lust For Life",
            "year": "1977"
        },
        {
            "rank": 150,
            "title": "Cathy's Clown",
            "artist": "The Everly Brothers",
            "album": "All-Time Original Hits",
            "year": "1960"
        },
        {
            "rank": 151,
            "title": "Eight Miles High",
            "artist": "The Byrds",
            "album": "Fifth Dimension",
            "year": "1966"
        },
        {
            "rank": 152,
            "title": "Earth Angel",
            "artist": "The Penguins",
            "album": "Earth Angel",
            "year": "1954"
        },
        {
            "rank": 153,
            "title": "Foxey Lady",
            "artist": "The Jimi Hendrix Experience",
            "album": "Are You Experienced?",
            "year": "1965"
        },
        {
            "rank": 154,
            "title": "A Hard Day's Night",
            "artist": "The Beatles",
            "album": "A Hard Day's Night",
            "year": "1964"
        },
        {
            "rank": 155,
            "title": "Rave On",
            "artist": "Buddy Holly & The Crickets",
            "album": "Buddy Holly: Greatest Hits",
            "year": "1958"
        },
        {
            "rank": 156,
            "title": "Proud Mary",
            "artist": "Creedence Clearwater Revival",
            "album": "Bayou Country",
            "year": "1969"
        },
        {
            "rank": 157,
            "title": "The Sound of Silence",
            "artist": "Simon & Garfunkel",
            "album": "Sounds of Silence",
            "year": "1965"
        },
        {
            "rank": 158,
            "title": "I Only Have Eyes for You",
            "artist": "The Flamingos",
            "album": "The Best of the Flamingos",
            "year": "1959"
        },
        {
            "rank": 159,
            "title": "(We're Gonna) Rock Around The Clock",
            "artist": "Bill Haley & His Comets",
            "album": "The Best of Bill Haley and His Comets",
            "year": "1954"
        },
        {
            "rank": 160,
            "title": "Moment of Surrender",
            "artist": "U2",
            "album": "No Line on the Horizon",
            "year": "2009"
        },
        {
            "rank": 161,
            "title": "I'm Waiting for the Man",
            "artist": "The Velvet Underground",
            "album": "The Velvet Underground & Nico",
            "year": "1967"
        },
        {
            "rank": 162,
            "title": "Bring the Noise",
            "artist": "Public Enemy",
            "album": "It Takes a Nation of Millions to Hold Us Back",
            "year": "1988"
        },
        {
            "rank": 163,
            "title": "Folsom Prison Blues",
            "artist": "Johnny Cash",
            "album": "The Essential Johnny Cash",
            "year": "1956"
        },
        {
            "rank": 164,
            "title": "I Can't Stop Loving You",
            "artist": "Ray Charles",
            "album": "Modern Sounds in Country and Western Music",
            "year": "1962"
        },
        {
            "rank": 165,
            "title": "Nothing Compares 2 U",
            "artist": "Sinead O'Connor",
            "album": "I Do Not Want What I Haven't Got",
            "year": "1990"
        },
        {
            "rank": 166,
            "title": "Bohemian Rhapsody",
            "artist": "Queen",
            "album": "A Night at the Opera",
            "year": "1975"
        },
        {
            "rank": 167,
            "title": "Fast Car",
            "artist": "Tracy Chapman",
            "album": "Tracy Chapman",
            "year": "1988"
        },
        {
            "rank": 168,
            "title": "Let's Get It On",
            "artist": "Marvin Gaye",
            "album": "Let's Get It On",
            "year": "1973"
        },
        {
            "rank": 169,
            "title": "Papa Was a Rollin' Stone",
            "artist": "The Temptations",
            "album": "Anthology",
            "year": "1972"
        },
        {
            "rank": 170,
            "title": "Losing My Religion",
            "artist": "R.E.M.",
            "album": "Out of Time",
            "year": "1991"
        },
        {
            "rank": 171,
            "title": "Both Sides Now",
            "artist": "Joni Mitchell",
            "album": "Clouds",
            "year": "1969"
        },
        {
            "rank": 172,
            "title": "99 Problems",
            "artist": "Jay-Z",
            "album": "The Black Album",
            "year": "2004"
        },
        {
            "rank": 173,
            "title": "Dream On",
            "artist": "Aerosmith",
            "album": "Aerosmith",
            "year": "1973"
        },
        {
            "rank": 174,
            "title": "Dancing Queen",
            "artist": "ABBA",
            "album": "Arrival",
            "year": "1976"
        },
        {
            "rank": 175,
            "title": "God Save the Queen",
            "artist": "Sex Pistols",
            "album": "Never Mind the Bollocks, Here's the Sex Pistols",
            "year": "1977"
        },
        {
            "rank": 176,
            "title": "Paint It, Black",
            "artist": "The Rolling Stones",
            "album": "Aftermath",
            "year": "1966"
        },
        {
            "rank": 177,
            "title": "I Fought the Law",
            "artist": "The Bobby Fuller Four",
            "album": "I Fought the Law: The Best of the Bobby Fuller Four",
            "year": "1966"
        },
        {
            "rank": 178,
            "title": "Don't Worry Baby",
            "artist": "The Beach Boys",
            "album": "Sounds of Summer",
            "year": "1964"
        },
        {
            "rank": 179,
            "title": "Free Fallin'",
            "artist": "Tom Petty",
            "album": "Full Moon Fever",
            "year": "1989"
        },
        {
            "rank": 180,
            "title": "September Gurls",
            "artist": "Big Star",
            "album": "Radio City",
            "year": "1974"
        },
        {
            "rank": 181,
            "title": "Love Will Tear Us Apart",
            "artist": "Joy Division",
            "album": "Substance 1977-1980",
            "year": "1980"
        },
        {
            "rank": 182,
            "title": "Hey Ya!",
            "artist": "OutKast",
            "album": "Speakerboxxx/The Love Below",
            "year": "2003"
        },
        {
            "rank": 183,
            "title": "Green Onions",
            "artist": "Booker T. & The MG's",
            "album": "Green Onions",
            "year": "1962"
        },
        {
            "rank": 184,
            "title": "Save the Last Dance for Me",
            "artist": "The Drifters",
            "album": "The Drifters' Golden Hits",
            "year": "1960"
        },
        {
            "rank": 185,
            "title": "The Thrill Is Gone",
            "artist": "B.B. King",
            "album": "Greatest Hits",
            "year": "1969"
        },
        {
            "rank": 186,
            "title": "Please Please Me",
            "artist": "The Beatles",
            "album": "Please Please Me",
            "year": "1964"
        },
        {
            "rank": 187,
            "title": "Desolation Row",
            "artist": "Bob Dylan",
            "album": "Highway 61 Revisited",
            "year": "1965"
        },
        {
            "rank": 188,
            "title": "Who'll Stop the Rain",
            "artist": "Creedence Clearwater Revival",
            "album": "Cosmo's Factory",
            "year": "1970"
        },
        {
            "rank": 189,
            "title": "I Never Loved a Man (the Way I Love You)",
            "artist": "Aretha Franklin",
            "album": "I Never Loved a Man (the Way I Love You)",
            "year": "1967"
        },
        {
            "rank": 190,
            "title": "Back in Black",
            "artist": "AC/DC",
            "album": "Back in Black",
            "year": "1980"
        },
        {
            "rank": 191,
            "title": "Stayin' Alive",
            "artist": "Bee Gees",
            "album": "Saturday Night Fever",
            "year": "1977"
        },
        {
            "rank": 192,
            "title": "Knocking On Heaven's Door",
            "artist": "Bob Dylan",
            "album": "The Essential Bob Dylan",
            "year": "1973"
        },
        {
            "rank": 193,
            "title": "Free Bird",
            "artist": "Lynyrd Skynyrd",
            "album": "One More From the Road",
            "year": "1973"
        },
        {
            "rank": 194,
            "title": "Rehab",
            "artist": "Amy Winehouse",
            "album": "Back to Black",
            "year": "2007"
        },
        {
            "rank": 195,
            "title": "Wichita Lineman",
            "artist": "Glen Campbell",
            "album": "Wichita Lineman",
            "year": "1968"
        },
        {
            "rank": 196,
            "title": "There Goes My Baby",
            "artist": "The Drifters",
            "album": "The Very Best of the Drifters",
            "year": "1959"
        },
        {
            "rank": 197,
            "title": "Peggy Sue",
            "artist": "Buddy Holly",
            "album": "Greatest Hits",
            "year": "1957"
        },
        {
            "rank": 198,
            "title": "Sweet Child o' Mine",
            "artist": "Guns N' Roses",
            "album": "Appetite for Destruction",
            "year": "1987"
        },
        {
            "rank": 199,
            "title": "Maybe",
            "artist": "The Chantels",
            "album": "The Best of the Chantels",
            "year": "1957"
        },
        {
            "rank": 200,
            "title": "Don't Be Cruel",
            "artist": "Elvis Presley",
            "album": "Elvis: 30 #1 Hits",
            "year": "1956"
        },
        {
            "rank": 201,
            "title": "Hey Joe",
            "artist": "The Jimi Hendrix Experience",
            "album": "Are You Experienced?",
            "year": "1966"
        },
        {
            "rank": 202,
            "title": "Flash Light",
            "artist": "Parliament",
            "album": "Funkentelechy vs. the Placebo Syndrome",
            "year": "1977"
        },
        {
            "rank": 203,
            "title": "Loser",
            "artist": "Beck",
            "album": "Mellow Gold",
            "year": "1993"
        },
        {
            "rank": 204,
            "title": "Bizarre Love Triangle",
            "artist": "New Order",
            "album": "Substance",
            "year": "1986"
        },
        {
            "rank": 205,
            "title": "Come Together",
            "artist": "The Beatles",
            "album": "Abbey Road",
            "year": "1969"
        },
        {
            "rank": 206,
            "title": "Positively 4th Street",
            "artist": "Bob Dylan",
            "album": "The Essential Bob Dylan",
            "year": "1965"
        },
        {
            "rank": 207,
            "title": "Try a Little Tenderness",
            "artist": "Otis Redding",
            "album": "Very Best of Otis Redding",
            "year": "1966"
        },
        {
            "rank": 208,
            "title": "Lean on Me",
            "artist": "Bill Withers",
            "album": "Lean on Me",
            "year": "1972"
        },
        {
            "rank": 209,
            "title": "Reach Out I'll Be There",
            "artist": "The Four Tops",
            "album": "The Ultimate Collection",
            "year": "1966"
        },
        {
            "rank": 210,
            "title": "Bye Bye Love",
            "artist": "The Everly Brothers",
            "album": "All-Time Original Hits",
            "year": "1957"
        },
        {
            "rank": 211,
            "title": "Gloria",
            "artist": "Them",
            "album": "The Story of Them",
            "year": "1965"
        },
        {
            "rank": 212,
            "title": "In My Room",
            "artist": "The Beach Boys",
            "album": "Surfer Girl/Shut Down, Volume 2",
            "year": "1963"
        },
        {
            "rank": 213,
            "title": "96 Tears",
            "artist": "? and the Mysterians",
            "album": "More Action",
            "year": "1966"
        },
        {
            "rank": 214,
            "title": "Caroline, No",
            "artist": "The Beach Boys",
            "album": "Pet Sounds",
            "year": "1966"
        },
        {
            "rank": 215,
            "title": "1999",
            "artist": "Prince",
            "album": "1999",
            "year": "1982"
        },
        {
            "rank": 216,
            "title": "Rockin' in the Free World",
            "artist": "Neil Young",
            "album": "Freedom",
            "year": "1989"
        },
        {
            "rank": 217,
            "title": "Your Cheatin' Heart",
            "artist": "Hank Williams",
            "album": "The Ultimate Collection",
            "year": "1953"
        },
        {
            "rank": 218,
            "title": "Do You Believe In Magic",
            "artist": "The Lovin' Spoonful",
            "album": "Do You Believe in Magic",
            "year": "1965"
        },
        {
            "rank": 219,
            "title": "Jolene",
            "artist": "Dolly Parton",
            "album": "Jolene",
            "year": "1974"
        },
        {
            "rank": 220,
            "title": "Boom Boom",
            "artist": "John Lee Hooker",
            "album": "The Very Best of John Lee Hooker",
            "year": "1963"
        },
        {
            "rank": 221,
            "title": "Spoonful",
            "artist": "Howlin' Wolf",
            "album": "Anniversary Collection",
            "year": "1960"
        },
        {
            "rank": 222,
            "title": "Walk away Renée",
            "artist": "The Left Banke",
            "album": "There's Gonna Be a Storm",
            "year": "1966"
        },
        {
            "rank": 223,
            "title": "Walk on the Wild Side",
            "artist": "Lou Reed",
            "album": "Transformer",
            "year": "1972"
        },
        {
            "rank": 224,
            "title": "Oh",
            "artist": "Roy Orbison",
            "album": "For the Lonely: 18 Greatest Hits",
            "year": "1964"
        },
        {
            "rank": 225,
            "title": "Dance To The Music",
            "artist": "Sly & The Family Stone",
            "album": "Dance to the Music",
            "year": "1968"
        },
        {
            "rank": 226,
            "title": "Hoochie Coochie Man",
            "artist": "Muddy Waters",
            "album": "The Anthology",
            "year": "1954"
        },
        {
            "rank": 227,
            "title": "Fire and Rain",
            "artist": "James Taylor",
            "album": "Sweet Baby James",
            "year": "1970"
        },
        {
            "rank": 228,
            "title": "Should I Stay or Should I Go",
            "artist": "The Clash",
            "album": "Combat Rock",
            "year": "1982"
        },
        {
            "rank": 229,
            "title": "Good Times",
            "artist": "Chic",
            "album": "Risqué",
            "year": "1979"
        },
        {
            "rank": 230,
            "title": "Mannish Boy",
            "artist": "Muddy Waters",
            "album": "The Anthology",
            "year": "1955"
        },
        {
            "rank": 231,
            "title": "Moondance",
            "artist": "Van Morrison",
            "album": "Moondance",
            "year": "1970"
        },
        {
            "rank": 232,
            "title": "Just Like a Woman",
            "artist": "Bob Dylan",
            "album": "Blonde on Blonde",
            "year": "1966"
        },
        {
            "rank": 233,
            "title": "Sexual Healing",
            "artist": "Marvin Gaye",
            "album": "Midnight Love",
            "year": "1982"
        },
        {
            "rank": 234,
            "title": "Only the Lonely",
            "artist": "Roy Orbison",
            "album": "For the Lonely: 18 Greatest Hits",
            "year": "1960"
        },
        {
            "rank": 235,
            "title": "We Gotta Get Out Of This Place",
            "artist": "The Animals",
            "album": "Retrospective",
            "year": "1965"
        },
        {
            "rank": 236,
            "title": "Paper Planes",
            "artist": "M.I.A.",
            "album": "Kala",
            "year": "2008"
        },
        {
            "rank": 237,
            "title": "I'll Feel A Whole Lot Better",
            "artist": "The Byrds",
            "album": "Mr. Tambourine Man",
            "year": "1965"
        },
        {
            "rank": 238,
            "title": "Everyday",
            "artist": "Buddy Holly & The Crickets",
            "album": "Best of Buddy Holly",
            "year": "1957"
        },
        {
            "rank": 239,
            "title": "I Got a Woman",
            "artist": "Ray Charles",
            "album": "Atlantic Singles",
            "year": "1954"
        },
        {
            "rank": 240,
            "title": "Planet Rock",
            "artist": "Afrika Bambaataa & the Soulsonic Force",
            "album": "Looking for the Perfect Beat 1980-1985",
            "year": "1982"
        },
        {
            "rank": 241,
            "title": "I Fall to Pieces",
            "artist": "Patsy Cline",
            "album": "12 Greatest Hits",
            "year": "1961"
        },
        {
            "rank": 242,
            "title": "Son of a Preacher Man",
            "artist": "Dusty Springfield",
            "album": "Dusty in Memphis",
            "year": "1968"
        },
        {
            "rank": 243,
            "title": "The Wanderer",
            "artist": "Dion",
            "album": "Runaround Sue",
            "year": "1961"
        },
        {
            "rank": 244,
            "title": "Stand!",
            "artist": "Sly & The Family Stone",
            "album": "Stand!",
            "year": "1969"
        },
        {
            "rank": 245,
            "title": "Rocket Man (I Think It's Going To Be A Long, Long Time)",
            "artist": "Elton John",
            "album": "Honky Chateau",
            "year": "1972"
        },
        {
            "rank": 246,
            "title": "Love Shack",
            "artist": "The B-52's",
            "album": "Cosmic Thing",
            "year": "1989"
        },
        {
            "rank": 247,
            "title": "Gimme Some Lovin'",
            "artist": "The Spencer Davis Group",
            "album": "Gimme Some Lovin'",
            "year": "1966"
        },
        {
            "rank": 248,
            "title": "(Your Love Keeps Lifting Me) Higher And Higher",
            "artist": "Jackie Wilson",
            "album": "The Very Best of Jackie Wilson",
            "year": "1967"
        },
        {
            "rank": 249,
            "title": "The Night They Drove Old Dixie Down",
            "artist": "The Band",
            "album": "The Band",
            "year": "1969"
        },
        {
            "rank": 250,
            "title": "Hot Fun In The Summertime",
            "artist": "Sly & The Family Stone",
            "album": "Greatest Hits",
            "year": "1969"
        },
        {
            "rank": 251,
            "title": "Rapper's Delight",
            "artist": "The Sugarhill Gang",
            "album": "Rappers Delight: The Best of Sugarhill Gang",
            "year": "1979"
        },
        {
            "rank": 252,
            "title": "Chain Of Fools",
            "artist": "Aretha Franklin",
            "album": "Lady Soul",
            "year": "1967"
        },
        {
            "rank": 253,
            "title": "Paranoid",
            "artist": "Black Sabbath",
            "album": "Paranoid",
            "year": "1970"
        },
        {
            "rank": 254,
            "title": "Money Honey",
            "artist": "The Drifters",
            "album": "Greatest Hits",
            "year": "1953"
        },
        {
            "rank": 255,
            "title": "Mack the Knife",
            "artist": "Bobby Darin",
            "album": "That’s All",
            "year": "1959"
        },
        {
            "rank": 256,
            "title": "All the Young Dudes",
            "artist": "Mott the Hoople",
            "album": "All The Young Dudes",
            "year": "1972"
        },
        {
            "rank": 257,
            "title": "Paranoid Android",
            "artist": "Radiohead",
            "album": "OK Computer",
            "year": "1997"
        },
        {
            "rank": 258,
            "title": "Highway To Hell",
            "artist": "AC/DC",
            "album": "Highway to Hell",
            "year": "1979"
        },
        {
            "rank": 259,
            "title": "Heart of Glass",
            "artist": "Blondie",
            "album": "Parallel Lines",
            "year": "1978"
        },
        {
            "rank": 260,
            "title": "Mississippi",
            "artist": "Bob Dylan",
            "album": "Love and Theft",
            "year": "2001"
        },
        {
            "rank": 261,
            "title": "Wild Thing",
            "artist": "The Troggs",
            "album": "Greatest Hits",
            "year": "1966"
        },
        {
            "rank": 262,
            "title": "I Can See for Miles",
            "artist": "The Who",
            "album": "The Who Sell Out",
            "year": "1967"
        },
        {
            "rank": 263,
            "title": "Oh",
            "artist": "The Dells",
            "album": "Ultimate Collection",
            "year": "1969"
        },
        {
            "rank": 264,
            "title": "Hallelujah",
            "artist": "Jeff Buckley",
            "album": "Grace",
            "year": "1994"
        },
        {
            "rank": 265,
            "title": "Higher Ground",
            "artist": "Stevie Wonder",
            "album": "Innervisions",
            "year": "1973"
        },
        {
            "rank": 266,
            "title": "Ooo Baby Baby",
            "artist": "Smokey Robinson and the Miracles",
            "album": "Ooo Baby Baby: The Anthology",
            "year": "1965"
        },
        {
            "rank": 267,
            "title": "He's a Rebel",
            "artist": "The Crystals",
            "album": "Best of the Crystals",
            "year": "1962"
        },
        {
            "rank": 268,
            "title": "Sail Away",
            "artist": "Randy Newman",
            "album": "Sail Away",
            "year": "1972"
        },
        {
            "rank": 269,
            "title": "Walking In The Rain",
            "artist": "The Ronettes",
            "album": "The Best of the Ronettes",
            "year": "1964"
        },
        {
            "rank": 270,
            "title": "Tighten Up",
            "artist": "Archie Bell & The Drells",
            "album": "Tightening It Up: The Best of Archie Bell and the Drells",
            "year": "1968"
        },
        {
            "rank": 271,
            "title": "Personality Crisis",
            "artist": "New York Dolls",
            "album": "New York Dolls",
            "year": "1973"
        },
        {
            "rank": 272,
            "title": "Sunday Bloody Sunday",
            "artist": "U2",
            "album": "War",
            "year": "1983"
        },
        {
            "rank": 273,
            "title": "Jesus Walks",
            "artist": "Kanye West",
            "album": "The College Dropout",
            "year": "2004"
        },
        {
            "rank": 274,
            "title": "Roadrunner",
            "artist": "The Modern Lovers",
            "album": "The Modern Lovers",
            "year": "1976"
        },
        {
            "rank": 275,
            "title": "He Stopped Loving Her Today",
            "artist": "George Jones",
            "album": "I Am What I Am",
            "year": "1980"
        },
        {
            "rank": 276,
            "title": "Sloop John B",
            "artist": "The Beach Boys",
            "album": "Pet Sounds",
            "year": "1966"
        },
        {
            "rank": 277,
            "title": "Sweet Little Sixteen",
            "artist": "Chuck Berry",
            "album": "The Anthology",
            "year": "1958"
        },
        {
            "rank": 278,
            "title": "Something",
            "artist": "The Beatles",
            "album": "Abbey Road",
            "year": "1969"
        },
        {
            "rank": 279,
            "title": "Somebody to Love",
            "artist": "Jefferson Airplane",
            "album": "Surrealistic Pillow",
            "year": "1967"
        },
        {
            "rank": 280,
            "title": "Born in the U.S.A.",
            "artist": "Bruce Springsteen",
            "album": "Born in the U.S.A.",
            "year": "1984"
        },
        {
            "rank": 281,
            "title": "I'll Take You There",
            "artist": "The Staple Singers",
            "album": "Bealtitude: Respect Yourself",
            "year": "1972"
        },
        {
            "rank": 282,
            "title": "Ziggy Stardust",
            "artist": "David Bowie",
            "album": "The Rise and Fall of Ziggy Stardust and the Spiders Mars",
            "year": "1972"
        },
        {
            "rank": 283,
            "title": "Pictures of You",
            "artist": "The Cure",
            "album": "Disintegration",
            "year": "1989"
        },
        {
            "rank": 284,
            "title": "Chapel Of Love",
            "artist": "The Dixie Cups",
            "album": "The Best of the Girl Groups, Vol. 1",
            "year": "1964"
        },
        {
            "rank": 285,
            "title": "Ain't No Sunshine",
            "artist": "Bill Withers",
            "album": "Lean on Me: The Best of Bill Withers",
            "year": "1971"
        },
        {
            "rank": 286,
            "title": "Seven Nation Army",
            "artist": "The White Stripes",
            "album": "Elephant",
            "year": "2003"
        },
        {
            "rank": 287,
            "title": "You Are the Sunshine of My Life",
            "artist": "Stevie Wonder",
            "album": "Talking Book",
            "year": "1972"
        },
        {
            "rank": 288,
            "title": "Help Me",
            "artist": "Joni Mitchell",
            "album": "Court and Spark",
            "year": "1974"
        },
        {
            "rank": 289,
            "title": "Call Me",
            "artist": "Blondie",
            "album": "Best of Blondie",
            "year": "1980"
        },
        {
            "rank": 290,
            "title": "(What's So Funny 'Bout) Peace, Love And Understanding",
            "artist": "Elvis Costello & The Attractions",
            "album": "Armed Forces",
            "year": "1979"
        },
        {
            "rank": 291,
            "title": "Smokestack Lightning",
            "artist": "Howlin' Wolf",
            "album": "His Best",
            "year": "1965"
        },
        {
            "rank": 292,
            "title": "Summer Babe (Winter Version)",
            "artist": "Pavement",
            "album": "Slanted and Enchanted",
            "year": "1992"
        },
        {
            "rank": 293,
            "title": "Walk This Way",
            "artist": "Run-D.M.C.",
            "album": "Raising Hell",
            "year": "1986"
        },
        {
            "rank": 294,
            "title": "Money (That's What I Want)",
            "artist": "Barrett Strong",
            "album": "Motown: The Classic Years",
            "year": "1960"
        },
        {
            "rank": 295,
            "title": "Can't Buy Me Love",
            "artist": "The Beatles",
            "album": "A Hard Day's Night",
            "year": "1964"
        },
        {
            "rank": 296,
            "title": "Stan (feat. Dido)",
            "artist": "Eminem",
            "album": "The Marshall Mathers LP",
            "year": "2000"
        },
        {
            "rank": 297,
            "title": "She's Not There",
            "artist": "The Zombies",
            "album": "British Invasion: 1963-1967",
            "year": "1964"
        },
        {
            "rank": 298,
            "title": "Train in Vain",
            "artist": "The Clash",
            "album": "London Calling",
            "year": "1979"
        },
        {
            "rank": 299,
            "title": "Tired Of Being Alone",
            "artist": "Al Green",
            "album": "Greatest Hits",
            "year": "1971"
        },
        {
            "rank": 300,
            "title": "Black Dog",
            "artist": "Led Zeppelin",
            "album": "Led Zeppelin IV",
            "year": "1971"
        },
        {
            "rank": 301,
            "title": "Street Fighting Man",
            "artist": "The Rolling Stones",
            "album": "Beggars Banquet",
            "year": "1968"
        },
        {
            "rank": 302,
            "title": "Get Up, Stand Up",
            "artist": "Bob Marley & The Wailers",
            "album": "Legend",
            "year": "1975"
        },
        {
            "rank": 303,
            "title": "Heart of Gold",
            "artist": "Neil Young",
            "album": "Harvest",
            "year": "1972"
        },
        {
            "rank": 304,
            "title": "Sign 'O' The Times",
            "artist": "Prince",
            "album": "Sign 'O' The Times",
            "year": "1987"
        },
        {
            "rank": 305,
            "title": "One Way or Another",
            "artist": "Blondie",
            "album": "Parallel Lines",
            "year": "1978"
        },
        {
            "rank": 306,
            "title": "Like a Prayer",
            "artist": "Madonna",
            "album": "Like a Prayer",
            "year": "1989"
        },
        {
            "rank": 307,
            "title": "One More Time",
            "artist": "Daft Punk",
            "album": "Discovery",
            "year": "2000"
        },
        {
            "rank": 308,
            "title": "Da Ya Think I'm Sexy?",
            "artist": "Rod Stewart",
            "album": "Blondes Have More Fun",
            "year": "1978"
        },
        {
            "rank": 309,
            "title": "Blue Eyes Crying In The Rain",
            "artist": "Willie Nelson",
            "album": "Red Headed Stranger",
            "year": "1975"
        },
        {
            "rank": 310,
            "title": "Ruby Tuesday",
            "artist": "The Rolling Stones",
            "album": "Between the Buttons",
            "year": "1967"
        },
        {
            "rank": 311,
            "title": "With a Little Help My Friends",
            "artist": "The Beatles",
            "album": "Sgt. Pepper's Lonely Hearts Club Band",
            "year": "1967"
        },
        {
            "rank": 312,
            "title": "Say It Loud (I'm Black and I'm Proud)",
            "artist": "James Brown",
            "album": "50th Anniversary Collection",
            "year": "1968"
        },
        {
            "rank": 313,
            "title": "That's Entertainment",
            "artist": "The Jam",
            "album": "Sound Affects",
            "year": "1980"
        },
        {
            "rank": 314,
            "title": "Why Do Fools Fall In Love",
            "artist": "Frankie Lymon & The Teenagers",
            "album": "The Best of Frankie Lymon and the Teenagers",
            "year": "1956"
        },
        {
            "rank": 315,
            "title": "Lonely Teardrops",
            "artist": "Jackie Wilson",
            "album": "The Greatest Hits of Jackie Wilson",
            "year": "1958"
        },
        {
            "rank": 316,
            "title": "What's Love Got to Do With It",
            "artist": "Tina Turner",
            "album": "Private Dancer",
            "year": "1984"
        },
        {
            "rank": 317,
            "title": "Iron Man",
            "artist": "Black Sabbath",
            "album": "Paranoid",
            "year": "1971"
        },
        {
            "rank": 318,
            "title": "Wake Up Little Susie",
            "artist": "The Everly Brothers",
            "album": "The Best of the Everly Brothers",
            "year": "1957"
        },
        {
            "rank": 319,
            "title": "In Dreams",
            "artist": "Roy Orbison",
            "album": "For the Lonely: 18 Greatest Hits",
            "year": "1963"
        },
        {
            "rank": 320,
            "title": "I Put A Spell On You",
            "artist": "Screamin' Jay Hawkins",
            "album": "Voodoo Jive",
            "year": "1956"
        },
        {
            "rank": 321,
            "title": "Comfortably Numb",
            "artist": "Pink Floyd",
            "album": "The Wall",
            "year": "1979"
        },
        {
            "rank": 322,
            "title": "Don't Let Me Be Misunderstood",
            "artist": "The Animals",
            "album": "Retrospective",
            "year": "1965"
        },
        {
            "rank": 323,
            "title": "Alison",
            "artist": "Elvis Costello",
            "album": "My Aim Is True",
            "year": "1977"
        },
        {
            "rank": 324,
            "title": "Wish You Were Here",
            "artist": "Pink Floyd",
            "album": "Wish You Were Here",
            "year": "1975"
        },
        {
            "rank": 325,
            "title": "Many Rivers to Cross",
            "artist": "Jimmy Cliff",
            "album": "Wonderful World, Beautiful People",
            "year": "1969"
        },
        {
            "rank": 326,
            "title": "School's Out",
            "artist": "Alice Cooper",
            "album": "School's Out",
            "year": "1972"
        },
        {
            "rank": 327,
            "title": "Take Me Out",
            "artist": "Franz Ferdinand",
            "album": "Franz Ferdinand",
            "year": "2004"
        },
        {
            "rank": 328,
            "title": "Heartbreaker",
            "artist": "Led Zeppelin",
            "album": "Led Zeppelin II",
            "year": "1969"
        },
        {
            "rank": 329,
            "title": "Cortez the Killer",
            "artist": "Neil Young & Crazy Horse",
            "album": "Zuma",
            "year": "1975"
        },
        {
            "rank": 330,
            "title": "Fight the Power",
            "artist": "Public Enemy",
            "album": "Fear of a Black Planet",
            "year": "1989"
        },
        {
            "rank": 331,
            "title": "Dancing Barefoot",
            "artist": "Patti Smith Group",
            "album": "Wave",
            "year": "1979"
        },
        {
            "rank": 332,
            "title": "Baby Love",
            "artist": "The Supremes",
            "album": "The Ultimate Collection",
            "year": "1964"
        },
        {
            "rank": 333,
            "title": "Good Lovin'",
            "artist": "The Rascals",
            "album": "The Very Best of the Rascals",
            "year": "1966"
        },
        {
            "rank": 334,
            "title": "Get Up (I Feel Like Being a) Sex Machine",
            "artist": "James Brown",
            "album": "50th Anniversary Collection",
            "year": "1970"
        },
        {
            "rank": 335,
            "title": "For Your Precious Love",
            "artist": "The Impressions",
            "album": "Greatest Hits",
            "year": "1958"
        },
        {
            "rank": 336,
            "title": "The End",
            "artist": "The Doors",
            "album": "The Doors",
            "year": "1967"
        },
        {
            "rank": 337,
            "title": "Wind and Fire",
            "artist": "Earth",
            "album": "That's The Way of the World",
            "year": "1975"
        },
        {
            "rank": 338,
            "title": "We Will Rock You",
            "artist": "Queen",
            "album": "News of the World",
            "year": "1977"
        },
        {
            "rank": 339,
            "title": "I Can't Make You Love Me",
            "artist": "Bonnie Raitt",
            "album": "Luck of the Draw",
            "year": "1991"
        },
        {
            "rank": 340,
            "title": "Subterranean Homesick Blues",
            "artist": "Bob Dylan",
            "album": "Bringing It All Back Home",
            "year": "1965"
        },
        {
            "rank": 341,
            "title": "Spirit in the Sky",
            "artist": "Norman Greenbaum",
            "album": "Spirit in the Sky",
            "year": "1970"
        },
        {
            "rank": 342,
            "title": "Sweet Jane",
            "artist": "The Velvet Underground",
            "album": "Loaded (Fully Loaded Edition)",
            "year": "1970"
        },
        {
            "rank": 343,
            "title": "Wild Horses",
            "artist": "The Rolling Stones",
            "album": "Sticky Fingers",
            "year": "1971"
        },
        {
            "rank": 344,
            "title": "Beat It",
            "artist": "Michael Jackson",
            "album": "Thriller",
            "year": "1982"
        },
        {
            "rank": 345,
            "title": "Beautiful Day",
            "artist": "U2",
            "album": "All That You Can't Leave Behind",
            "year": "2000"
        },
        {
            "rank": 346,
            "title": "Walk This Way",
            "artist": "Aerosmith",
            "album": "Toys in the Attic",
            "year": "1975"
        },
        {
            "rank": 347,
            "title": "Maybe I'm Amazed",
            "artist": "Paul McCartney",
            "album": "McCartney",
            "year": "1970"
        },
        {
            "rank": 348,
            "title": "You Keep Me Hangin' On",
            "artist": "The Supremes",
            "album": "The Ultimate Collection",
            "year": "1966"
        },
        {
            "rank": 349,
            "title": "Baba O'Riley",
            "artist": "The Who",
            "album": "Who's Next",
            "year": "1971"
        },
        {
            "rank": 350,
            "title": "The Harder They Come",
            "artist": "Jimmy Cliff",
            "album": "The Harder They Come",
            "year": "1975"
        },
        {
            "rank": 351,
            "title": "Runaround Sue",
            "artist": "Dion",
            "album": "Runaround Sue",
            "year": "1961"
        },
        {
            "rank": 352,
            "title": "Jim Dandy",
            "artist": "Lavern Baker",
            "album": "Soul on Fire: The Best of LaVern Baker",
            "year": "1956"
        },
        {
            "rank": 353,
            "title": "Piece of My Heart",
            "artist": "Big Brother & The Holding Company",
            "album": "Cheap Thrills",
            "year": "1968"
        },
        {
            "rank": 354,
            "title": "La Bamba",
            "artist": "Ritchie Valens",
            "album": "The Ritchie Valens Story",
            "year": "1958"
        },
        {
            "rank": 355,
            "title": "California Love (remix) (feat. Dr. Dre & Roger Troutman)",
            "artist": "2Pac",
            "album": "Greatest Hits",
            "year": "1996"
        },
        {
            "rank": 356,
            "title": "Candle in the Wind",
            "artist": "Elton John",
            "album": "Goodbye Yellow Brick Road",
            "year": "1973"
        },
        {
            "rank": 357,
            "title": "That Lady (Parts 1 & 2)",
            "artist": "The Isley Brothers",
            "album": "The Essential Isley Brothers",
            "year": "1973"
        },
        {
            "rank": 358,
            "title": "Spanish Harlem",
            "artist": "Ben E. King",
            "album": "The Very Best of Ben E. King",
            "year": "1960"
        },
        {
            "rank": 359,
            "title": "The Loco-Motion",
            "artist": "Little Eva",
            "album": "The Loco-Motion",
            "year": "1962"
        },
        {
            "rank": 360,
            "title": "The Great Pretender",
            "artist": "The Platters",
            "album": "The Magic Touch: An Anthology",
            "year": "1955"
        },
        {
            "rank": 361,
            "title": "All Shook Up",
            "artist": "Elvis Presley",
            "album": "Elvis 30 #1 Hits",
            "year": "1957"
        },
        {
            "rank": 362,
            "title": "Tears in Heaven",
            "artist": "Eric Clapton",
            "album": "\"Rush\" Soundtrack",
            "year": "1992"
        },
        {
            "rank": 363,
            "title": "Watching The Detectives",
            "artist": "Elvis Costello",
            "album": "My Aim Is True",
            "year": "1977"
        },
        {
            "rank": 364,
            "title": "Bad Moon Rising",
            "artist": "Creedence Clearwater Revival",
            "album": "Green River",
            "year": "1969"
        },
        {
            "rank": 365,
            "title": "Sweet Dreams (Are Made of This)",
            "artist": "Eurythmics",
            "album": "Sweet Dreams",
            "year": "1983"
        },
        {
            "rank": 366,
            "title": "Little Wing",
            "artist": "The Jimi Hendrix Experience",
            "album": "Axis: Bold As Love",
            "year": "1968"
        },
        {
            "rank": 367,
            "title": "Nowhere To Run",
            "artist": "Martha and the Vandellas",
            "album": "The Ultimate Collection",
            "year": "1965"
        },
        {
            "rank": 368,
            "title": "Got My Mojo Working",
            "artist": "Muddy Waters",
            "album": "The Anthology",
            "year": "1957"
        },
        {
            "rank": 369,
            "title": "Killing Me Softly With His Song",
            "artist": "Roberta Flack",
            "album": "Killing Me Softly",
            "year": "1973"
        },
        {
            "rank": 370,
            "title": "All You Need Is Love",
            "artist": "The Beatles",
            "album": "Magical Mystery Tour",
            "year": "1967"
        },
        {
            "rank": 371,
            "title": "Complete Control",
            "artist": "The Clash",
            "album": "The Clash",
            "year": "1979"
        },
        {
            "rank": 372,
            "title": "The Letter",
            "artist": "The Box Tops",
            "album": "The Letter",
            "year": "1967"
        },
        {
            "rank": 373,
            "title": "Highway 61 Revisited",
            "artist": "Bob Dylan",
            "album": "Highway 61 Revisited",
            "year": "1965"
        },
        {
            "rank": 374,
            "title": "Unchained Melody",
            "artist": "The Righteous Brothers",
            "album": "Anthology 1962-1974",
            "year": "1965"
        },
        {
            "rank": 375,
            "title": "How Deep Is Your Love",
            "artist": "Bee Gees",
            "album": "Saturday Night Fever",
            "year": "1977"
        },
        {
            "rank": 376,
            "title": "White Room",
            "artist": "Cream",
            "album": "Wheels Of Fire",
            "year": "1968"
        },
        {
            "rank": 377,
            "title": "Personal Jesus",
            "artist": "Depeche Mode",
            "album": "Violator",
            "year": "1989"
        },
        {
            "rank": 378,
            "title": "I'm A Man",
            "artist": "Bo Diddley",
            "album": "His Best: The Chess 50th Anniversary Collection",
            "year": "1955"
        },
        {
            "rank": 379,
            "title": "The Wind Cries Mary",
            "artist": "The Jimi Hendrix Experience",
            "album": "Are You Experienced?",
            "year": "1967"
        },
        {
            "rank": 380,
            "title": "I Can't Explain",
            "artist": "The Who",
            "album": "The Ultimate Collection",
            "year": "1965"
        },
        {
            "rank": 381,
            "title": "Marquee Moon",
            "artist": "Television",
            "album": "Marquee Moon",
            "year": "1977"
        },
        {
            "rank": 382,
            "title": "Wonderful World",
            "artist": "Sam Cooke",
            "album": "Portrait of a Legend 1951-1964",
            "year": "1960"
        },
        {
            "rank": 383,
            "title": "Brown Eyed Handsome Man",
            "artist": "Chuck Berry",
            "album": "The Anthology",
            "year": "1956"
        },
        {
            "rank": 384,
            "title": "Another Brick In The Wall (Part II)",
            "artist": "Pink Floyd",
            "album": "The Wall",
            "year": "1979"
        },
        {
            "rank": 385,
            "title": "Fake Plastic Trees",
            "artist": "Radiohead",
            "album": "The Bends",
            "year": "1995"
        },
        {
            "rank": 386,
            "title": "Maps",
            "artist": "Yeah Yeah Yeahs",
            "album": "Fever to Tell",
            "year": "2004"
        },
        {
            "rank": 387,
            "title": "Hit the Road Jack",
            "artist": "Ray Charles",
            "album": "Ultimate Hits Collection",
            "year": "1961"
        },
        {
            "rank": 388,
            "title": "Pride (in the Name of Love)",
            "artist": "U2",
            "album": "The Unforgettable Fire",
            "year": "1984"
        },
        {
            "rank": 389,
            "title": "Radio Free Europe",
            "artist": "R.E.M.",
            "album": "Murmur",
            "year": "1983"
        },
        {
            "rank": 390,
            "title": "Goodbye Yellow Brick Road",
            "artist": "Elton John",
            "album": "Goodbye Yellow Brick Road",
            "year": "1973"
        },
        {
            "rank": 391,
            "title": "Tell It Like It Is",
            "artist": "Aaron Neville",
            "album": "Tell It Like It Is: Golden Classics",
            "year": "1965"
        },
        {
            "rank": 392,
            "title": "Bitter Sweet Symphony",
            "artist": "The Verve",
            "album": "Urban Hymns",
            "year": "1997"
        },
        {
            "rank": 393,
            "title": "Whipping Post",
            "artist": "The Allman Brothers Band",
            "album": "At Fillmore East",
            "year": "1971"
        },
        {
            "rank": 394,
            "title": "Ticket to Ride",
            "artist": "The Beatles",
            "album": "Help!",
            "year": "1965"
        },
        {
            "rank": 395,
            "title": "Stills, Nash & Young",
            "artist": "Crosby",
            "album": "Decade",
            "year": "1970"
        },
        {
            "rank": 396,
            "title": "I Know You Got Soul",
            "artist": "Eric B. & Rakim",
            "album": "Paid In Full",
            "year": "1987"
        },
        {
            "rank": 397,
            "title": "Tiny Dancer",
            "artist": "Elton John",
            "album": "Madman Across the Water",
            "year": "1972"
        },
        {
            "rank": 398,
            "title": "Roxanne",
            "artist": "The Police",
            "album": "Outlandos d'Amour",
            "year": "1978"
        },
        {
            "rank": 399,
            "title": "Just My Imagination (Running Away With Me)",
            "artist": "The Temptations",
            "album": "Anthology",
            "year": "1971"
        },
        {
            "rank": 400,
            "title": "Baby I Need Your Loving",
            "artist": "The Four Tops",
            "album": "The Ultimate Collection",
            "year": "1965"
        },
        {
            "rank": 401,
            "title": "Summer in the City",
            "artist": "The Lovin' Spoonful",
            "album": "The Lovin' Spoonful Greatest Hits",
            "year": "1966"
        },
        {
            "rank": 402,
            "title": "O-o-h Child",
            "artist": "The Five Stairsteps",
            "album": "Soul Hits of the '70s: Didn't It Blow Your Mind! Vol. 2",
            "year": "1970"
        },
        {
            "rank": 403,
            "title": "Can't Help Falling in Love",
            "artist": "Elvis Presley",
            "album": "Elvis 30 #1 Hits",
            "year": "1961"
        },
        {
            "rank": 404,
            "title": "Remember (Walkin' In The Sand)",
            "artist": "The Shangri-Las",
            "album": "The Best of the Shangri-Las",
            "year": "1964"
        },
        {
            "rank": 405,
            "title": "(Don't Fear) The Reaper",
            "artist": "Blue Öyster Cult",
            "album": "Agents of Fortune",
            "year": "1976"
        },
        {
            "rank": 406,
            "title": "Thirteen",
            "artist": "Big Star",
            "album": "#1 Record/Radio City",
            "year": "1972"
        },
        {
            "rank": 407,
            "title": "Sweet Home Alabama",
            "artist": "Lynyrd Skynyrd",
            "album": "Second Helping",
            "year": "1974"
        },
        {
            "rank": 408,
            "title": "Enter Sandman",
            "artist": "Metallica",
            "album": "Metallica",
            "year": "1991"
        },
        {
            "rank": 409,
            "title": "Tonight's the Night",
            "artist": "The Shirelles",
            "album": "25 All-Time Greatest Hits",
            "year": "1960"
        },
        {
            "rank": 410,
            "title": "Thank You (Falettinme Be Mice Elf Agin)",
            "artist": "Sly & The Family Stone",
            "album": "Greatest Hits",
            "year": "1970"
        },
        {
            "rank": 411,
            "title": "C'mon Everybody",
            "artist": "Eddie Cochran",
            "album": "Anthology",
            "year": "1958"
        },
        {
            "rank": 412,
            "title": "Umbrella (feat. Jay-Z)",
            "artist": "Rihanna",
            "album": "Good Girl Gone Bad",
            "year": "2007"
        },
        {
            "rank": 413,
            "title": "Visions of Johanna",
            "artist": "Bob Dylan",
            "album": "Blonde on Blonde",
            "year": "1966"
        },
        {
            "rank": 414,
            "title": "We've Only Just Begun",
            "artist": "Carpenters",
            "album": "Singles 1969-1981",
            "year": "1971"
        },
        {
            "rank": 415,
            "title": "In Bloom",
            "artist": "Nirvana",
            "album": "Nevermind",
            "year": "1991"
        },
        {
            "rank": 416,
            "title": "Sweet Emotion",
            "artist": "Aerosmith",
            "album": "Toys in the Attic",
            "year": "1975"
        },
        {
            "rank": 417,
            "title": "Monkey Gone to Heaven",
            "artist": "Pixies",
            "album": "Doolittle",
            "year": "1989"
        },
        {
            "rank": 418,
            "title": "I Feel Love",
            "artist": "Donna Summer",
            "album": "The Donna Summer Anthology",
            "year": "1977"
        },
        {
            "rank": 419,
            "title": "Ode to Billie Joe",
            "artist": "Bobbie Gentry",
            "album": "Greatest Hits",
            "year": "1967"
        },
        {
            "rank": 420,
            "title": "The Girl Can't Help It",
            "artist": "Little Richard",
            "album": "The Georgia Peach",
            "year": "1957"
        },
        {
            "rank": 421,
            "title": "Young Blood",
            "artist": "The Coasters",
            "album": "The Very Best of the Coasters",
            "year": "1957"
        },
        {
            "rank": 422,
            "title": "I Can't Help Myself",
            "artist": "The Four Tops",
            "album": "The Ultimate Collection",
            "year": "1965"
        },
        {
            "rank": 423,
            "title": "The Boys Of Summer",
            "artist": "Don Henley",
            "album": "Building the Perfect Beast",
            "year": "1984"
        },
        {
            "rank": 424,
            "title": "Juicy",
            "artist": "The Notorious B.I.G",
            "album": "Ready to Die",
            "year": "1994"
        },
        {
            "rank": 425,
            "title": "Fuck tha Police",
            "artist": "N.W.A",
            "album": "Straight Outta Compton",
            "year": "1988"
        },
        {
            "rank": 426,
            "title": "Stills & Nash, Suite: Judy Blue Eyes",
            "artist": "Crosby",
            "album": "Crosby, Stills and Nash",
            "year": "1969"
        },
        {
            "rank": 427,
            "title": "Nuthin' but a 'G' Thang",
            "artist": "Dr. Dre",
            "album": "The Chronic",
            "year": "1993"
        },
        {
            "rank": 428,
            "title": "It's Your Thing",
            "artist": "The Isley Brothers",
            "album": "The Ultimate Isley Brothers",
            "year": "1969"
        },
        {
            "rank": 429,
            "title": "Piano Man",
            "artist": "Billy Joel",
            "album": "Piano Man",
            "year": "1973"
        },
        {
            "rank": 430,
            "title": "Blue Suede Shoes",
            "artist": "Elvis Presley",
            "album": "2nd to None",
            "year": "1956"
        },
        {
            "rank": 431,
            "title": "William",
            "artist": "The Smiths",
            "album": "Louder Than Bombs",
            "year": "1984"
        },
        {
            "rank": 432,
            "title": "American Idiot",
            "artist": "Green day",
            "album": "American Idiot",
            "year": "2004"
        },
        {
            "rank": 433,
            "title": "Tumbling Dice",
            "artist": "The Rolling Stones",
            "album": "Exile on Main Street",
            "year": "1972"
        },
        {
            "rank": 434,
            "title": "Smoke on the Water",
            "artist": "Deep Purple",
            "album": "Machine Head",
            "year": "1972"
        },
        {
            "rank": 435,
            "title": "New Year's Day",
            "artist": "U2",
            "album": "War",
            "year": "1983"
        },
        {
            "rank": 436,
            "title": "Everybody Needs Somebody To Love",
            "artist": "Solomon Burke",
            "album": "The Very Best of Solomon Burke",
            "year": "1964"
        },
        {
            "rank": 437,
            "title": "(White Man) In Hammersmith Palais",
            "artist": "The Clash",
            "album": "The Clash",
            "year": "1978"
        },
        {
            "rank": 438,
            "title": "Ain't That a Shame",
            "artist": "Fats Domino",
            "album": "The Fats Domino Jukebox: 20 Greatest Hits",
            "year": "1955"
        },
        {
            "rank": 439,
            "title": "Midnight Train To Georgia",
            "artist": "Gladys Knight & The Pips",
            "album": "Essential Collection",
            "year": "1977"
        },
        {
            "rank": 440,
            "title": "Ramble On",
            "artist": "Led Zeppelin",
            "album": "Led Zeppelin II",
            "year": "1969"
        },
        {
            "rank": 441,
            "title": "Mustang Sally",
            "artist": "Wilson Pickett",
            "album": "The Very Best of Wilson Pickett",
            "year": "1966"
        },
        {
            "rank": 442,
            "title": "Alone Again Or",
            "artist": "Love",
            "album": "Forever Changes",
            "year": "1967"
        },
        {
            "rank": 443,
            "title": "Beast of Burden",
            "artist": "The Rolling Stones",
            "album": "Some Girls",
            "year": "1981"
        },
        {
            "rank": 444,
            "title": "Love Me Tender",
            "artist": "Elvis Presley",
            "album": "Elvis: 30 #1 Hits",
            "year": "1956"
        },
        {
            "rank": 445,
            "title": "I Wanna Be Your Dog",
            "artist": "The Stooges",
            "album": "The Stooges",
            "year": "1969"
        },
        {
            "rank": 446,
            "title": "Push It",
            "artist": "Salt-N-Pepa",
            "album": "Hot, Cool and Vicious",
            "year": "1987"
        },
        {
            "rank": 447,
            "title": "Pink Houses",
            "artist": "John Mellencamp",
            "album": "Uh-Huh",
            "year": "1984"
        },
        {
            "rank": 448,
            "title": "In Da Club",
            "artist": "50 Cent",
            "album": "Get Rich or Die Tryin'",
            "year": "2003"
        },
        {
            "rank": 449,
            "title": "Come Go With Me",
            "artist": "The Del-Vikings",
            "album": "Golden Classics",
            "year": "1957"
        },
        {
            "rank": 450,
            "title": "I Shot The Sheriff",
            "artist": "Bob Marley & The Wailers",
            "album": "Burnin'",
            "year": "1973"
        },
        {
            "rank": 451,
            "title": "I Got You Babe",
            "artist": "Sonny & Cher",
            "album": "The Beat Goes On: The Best of Sonny and Cher",
            "year": "1965"
        },
        {
            "rank": 452,
            "title": "Come as You Are",
            "artist": "Nirvana",
            "album": "Nevermind",
            "year": "1992"
        },
        {
            "rank": 453,
            "title": "Pressure Drop",
            "artist": "Toot and the Maytals",
            "album": "The Harder They Come",
            "year": "1968"
        },
        {
            "rank": 454,
            "title": "Leader of the Pack",
            "artist": "The Shangri-Las",
            "album": "Myrmidons of Melodrama: Definitive Collection",
            "year": "1964"
        },
        {
            "rank": 455,
            "title": "Heroin",
            "artist": "The Velvet Underground",
            "album": "The Velvet Underground & Nico",
            "year": "1967"
        },
        {
            "rank": 456,
            "title": "Penny Lane",
            "artist": "The Beatles",
            "album": "Magical Mystery Tour",
            "year": "1967"
        },
        {
            "rank": 457,
            "title": "The Twist",
            "artist": "Chubby Checker",
            "album": "Greatest Hits",
            "year": "1960"
        },
        {
            "rank": 458,
            "title": "Cupid",
            "artist": "Sam Cooke",
            "album": "Greatest Hits",
            "year": "1961"
        },
        {
            "rank": 459,
            "title": "Paradise City",
            "artist": "Guns N' Roses",
            "album": "Appetite for Destruction",
            "year": "1987"
        },
        {
            "rank": 460,
            "title": "My Sweet Lord",
            "artist": "George Harrison",
            "album": "All Things Must Pass",
            "year": "1970"
        },
        {
            "rank": 461,
            "title": "Sheena Is a Punk Rocker",
            "artist": "Ramones",
            "album": "Rocket to Russia",
            "year": "1977"
        },
        {
            "rank": 462,
            "title": "All Apologies",
            "artist": "Nirvana",
            "album": "In Utero",
            "year": "1993"
        },
        {
            "rank": 463,
            "title": "Soul Man",
            "artist": "Sam & Dave",
            "album": "Soul Men",
            "year": "1965"
        },
        {
            "rank": 464,
            "title": "Kiss",
            "artist": "Prince and The Revolution",
            "album": "Parade",
            "year": "1986"
        },
        {
            "rank": 465,
            "title": "Rollin' Stone",
            "artist": "Muddy Waters",
            "album": "The Anthology: 1947-1972",
            "year": "1948"
        },
        {
            "rank": 466,
            "title": "Get Ur Freak On",
            "artist": "Missy Elliott",
            "album": "Miss E … So Addictive",
            "year": "2001"
        },
        {
            "rank": 467,
            "title": "Big Pimpin' (feat. UGK)",
            "artist": "Jay-Z",
            "album": "Vol. 3: Life and Times of S. Carter",
            "year": "2000"
        },
        {
            "rank": 468,
            "title": "Respect Yourself",
            "artist": "The Staple Singers",
            "album": "Bealtitude: Respect Yourself",
            "year": "1972"
        },
        {
            "rank": 469,
            "title": "Rain",
            "artist": "The Beatles",
            "album": "Past Masters",
            "year": "1966"
        },
        {
            "rank": 470,
            "title": "Standing In The Shadows Of Love",
            "artist": "The Four Tops",
            "album": "The Ultimate Collection",
            "year": "1966"
        },
        {
            "rank": 471,
            "title": "Surrender",
            "artist": "Cheap Trick",
            "album": "Heaven Tonight",
            "year": "1978"
        },
        {
            "rank": 472,
            "title": "Runaway",
            "artist": "Del Shannon",
            "album": "Greatest Hits",
            "year": "1961"
        },
        {
            "rank": 473,
            "title": "Welcome to the Jungle",
            "artist": "Guns N' Roses",
            "album": "Appetite for Destruction",
            "year": "1987"
        },
        {
            "rank": 474,
            "title": "Into The Mystic",
            "artist": "Van Morrison",
            "album": "Moondance",
            "year": "1970"
        },
        {
            "rank": 475,
            "title": "Where Did Our Love Go",
            "artist": "The Supremes",
            "album": "The Ultimate Collection",
            "year": "1964"
        },
        {
            "rank": 476,
            "title": "Do Right Woman, Do Right Man",
            "artist": "Aretha Franklin",
            "album": "I Never Loved a Man the Way I Love You",
            "year": "1967"
        },
        {
            "rank": 477,
            "title": "How Soon Is Now?",
            "artist": "The Smiths",
            "album": "Meat Is Murder",
            "year": "1984"
        },
        {
            "rank": 478,
            "title": "Last Nite",
            "artist": "The Strokes",
            "album": "Is This It",
            "year": "2001"
        },
        {
            "rank": 479,
            "title": "I Want To Know What Love Is",
            "artist": "Foreigner",
            "album": "Agent Provocateur",
            "year": "1984"
        },
        {
            "rank": 480,
            "title": "Sabotage",
            "artist": "Beastie Boys",
            "album": "Ill Communication",
            "year": "1994"
        },
        {
            "rank": 481,
            "title": "Super Freak",
            "artist": "Rick James",
            "album": "Street Songs",
            "year": "1981"
        },
        {
            "rank": 482,
            "title": "Since U Been Gone",
            "artist": "Kelly Clarkson",
            "album": "Breakaway",
            "year": "2004"
        },
        {
            "rank": 483,
            "title": "White Rabbit",
            "artist": "Jefferson Airplane",
            "album": "Surrealistic Pillow",
            "year": "1967"
        },
        {
            "rank": 484,
            "title": "Cry Me a River",
            "artist": "Justin Timberlake",
            "album": "Justified",
            "year": "2002"
        },
        {
            "rank": 485,
            "title": "Lady Marmalade",
            "artist": "Labelle",
            "album": "Nightbirds",
            "year": "1974"
        },
        {
            "rank": 486,
            "title": "Young Americans",
            "artist": "David Bowie",
            "album": "Young Americans",
            "year": "1975"
        },
        {
            "rank": 487,
            "title": "I'm Eighteen",
            "artist": "Alice Cooper",
            "album": "Love It to Death",
            "year": "1971"
        },
        {
            "rank": 488,
            "title": "Just Like Heaven",
            "artist": "The Cure",
            "album": "Kiss Me, Kiss Me, Kiss Me",
            "year": "1987"
        },
        {
            "rank": 489,
            "title": "Under the Boardwalk",
            "artist": "The Drifters",
            "album": "The Very Best of the Drifters",
            "year": "1964"
        },
        {
            "rank": 490,
            "title": "Clocks",
            "artist": "Coldplay",
            "album": "A Rush of Blood to the Head",
            "year": "2002"
        },
        {
            "rank": 491,
            "title": "I Love Rock 'N Roll",
            "artist": "Joan Jett and The Blackhearts",
            "album": "I Love Rock 'N Roll",
            "year": "1981"
        },
        {
            "rank": 492,
            "title": "I Will Survive",
            "artist": "Gloria Gaynor",
            "album": "I Will Survive: The Anthology",
            "year": "1978"
        },
        {
            "rank": 493,
            "title": "Time to Pretend",
            "artist": "MGMT",
            "album": "Oracular Spectacular",
            "year": "2008"
        },
        {
            "rank": 494,
            "title": "Ignition (Remix)",
            "artist": "R. Kelly",
            "album": "Chocolate Factory",
            "year": "2003"
        },
        {
            "rank": 495,
            "title": "Brown Sugar",
            "artist": "The Rolling Stones",
            "album": "Sticky Fingers",
            "year": "1971"
        },
        {
            "rank": 496,
            "title": "Running On Empty",
            "artist": "Jackson Browne",
            "album": "Running on Empty",
            "year": "1977"
        },
        {
            "rank": 497,
            "title": "The Rising",
            "artist": "Bruce Springsteen",
            "album": "The Rising",
            "year": "2002"
        },
        {
            "rank": 498,
            "title": "Miss You",
            "artist": "The Rolling Stones",
            "album": "Some Girls",
            "year": "1978"
        },
        {
            "rank": 499,
            "title": "Buddy Holly",
            "artist": "Weezer",
            "album": "Weezer",
            "year": "1994"
        },
        {
            "rank": 500,
            "title": "Shop Around",
            "artist": "Smokey Robinson and the Miracles",
            "album": "The Ultimate Collection",
            "year": "1960"
        }
    ]
}
